<?xml version="1.0" encoding="utf-8"?><feed xmlns="http://www.w3.org/2005/Atom" ><generator uri="https://jekyllrb.com/" version="4.0.0">Jekyll</generator><link href="/feed.xml" rel="self" type="application/atom+xml" /><link href="/" rel="alternate" type="text/html" /><updated>2021-05-05T21:04:01+08:00</updated><id>/feed.xml</id><title type="html">FlyfishO25’s blog</title><subtitle>An OIer's blog.</subtitle><author><name>FlyfishO25</name></author><entry><title type="html">Jekyll and MDUI theme blog create</title><link href="/technology/2021/05/03/Create-New-Blog.html" rel="alternate" type="text/html" title="Jekyll and MDUI theme blog create" /><published>2021-05-03T00:00:00+08:00</published><updated>2021-05-03T00:00:00+08:00</updated><id>/technology/2021/05/03/Create-New-Blog</id><content type="html" xml:base="/technology/2021/05/03/Create-New-Blog.html">&lt;p&gt;It’s EASY to create your own blog.&lt;/p&gt;

&lt;p&gt;*&lt;/p&gt;

&lt;h2 id=&quot;test&quot;&gt;Test&lt;/h2&gt;</content><author><name>FlyfishO25</name></author><category term="Jekyll" /><category term="blog" /><category term="create" /><summary type="html">It’s EASY to create your own blog.</summary></entry></feed>