

[
  
    {
      "id"    : "Jekyll",
      "post": [
          
         {
            "title": "Jekyll and MDUI theme blog create",
            "excerpt": "It’s EASY to create your own blog.",
            "url": "/technology/2021/05/03/Create-New-Blog.html"
         } 
      ]
    } ,
  
    {
      "id"    : "blog",
      "post": [
          
         {
            "title": "Jekyll and MDUI theme blog create",
            "excerpt": "It’s EASY to create your own blog.",
            "url": "/technology/2021/05/03/Create-New-Blog.html"
         } 
      ]
    } ,
  
    {
      "id"    : "create",
      "post": [
          
         {
            "title": "Jekyll and MDUI theme blog create",
            "excerpt": "It’s EASY to create your own blog.",
            "url": "/technology/2021/05/03/Create-New-Blog.html"
         } 
      ]
    } 
  
]
